icgc_donor_id,organ_system,dcc_project_code,histology_abbreviation,fcs,bcs,sample,b2m,tap1,tap2,hla_a,hla_b,hla_c,hla_dpa1,hla_dpb1,hla_e,hla_f,pdcd1,ctla4,lag3,tigit,havcr2,cd274,pdcd1lg2,cd27,icos,ido1,aim2,birc3,brip1,ccl20,ccl4,ccl5,ccnb1,ccr7,dusp2,esco2,ets1,exo1,exoc6,iars,kif11,kntc1,nuf2,prc1,psat1,rgs1,rtkn2,samsn1,sell,trat1,act_cd4,adrm1,ahsa1,c1galt1c1,cct6b,cd37,cd3d,cd3e,cd3g,cd69,cd8a,cetn3,cse1l,gemin6,gnly,gpt2,gzma,gzmh,gzmk,il2rb,lck,mpzl1,nkg7,pik3ip1,ptrh2,timm13,zap70,act_cd8,atm,casp3,casq1,cd300e,dars,dock9,exosc9,ezh2,gde1,il34,ncoa4,nefl,pdgfrl,ptgs1,reps1,scg2,sdpr,siglec14,siglec6,tal1,tfec,tipin,tpk1,uqcrb,usp9y,wipf1,zcrb1,tem_cd4,acap1,apol3,arhgap10,atp10d,c3ar1,ccr5,cd160,cd55,cflar,cmklr1,dapp1,fcrl6,flt3lg,gzmm,hapln3,hla_dmb,hla_dpa1 1,hla_dpb1 1,ifi16,lime1,ltk,nfkbia,setd7,sik1,trib2,tem_cd8,ccr2,cd14,cd2,cd86,cxcr4,fcgr2a,fcgr2b,fcgr3a,fermt3,gpsm3,il18bp,il4r,itgal,itgam,parvg,psap,ptger2,ptges2,s100a8,s100a9,mdsc,ccl3l1,cd72,clec5a,foxp3,itga4,l1cam,lipa,lrp1,lrrc42,marco,mmp12,mnda,mrc1,ms4a6a,pelo,plek,prss23,ptgir,st8sia4,stab1,treg,mhc,ec,sc,cp,az,ips,purity,ploidy,tmb,ncna,sv,cth
DO36386,RECTUM,READ-US,ColoRect-AdenoCA,222,82,DO36386,2.68701801667049,1.9017168919961,1.37156316158742,2.61236512618861,2.70847731283824,2.63431544015003,1.78401810826926,1.8607987425237,2.41590345118844,1.76221328106152,0.908751612288211,0.752462467147836,0.774412781109255,0.580060664037439,1.22711300102773,0.753571803644644,0.916717012052172,1.07106027186208,0.558601367869689,1.28196150716496,0.82356911800877,1.21440109592497,0.934120864961102,1.47023955227065,1.06074889819504,1.39062192631946,1.84652285481888,0.821623232678305,1.428866756693,0.855212486934096,1.56837036762758,1.21689255658173,1.28674438419218,1.80815072353587,1.47538614618207,1.19341463170668,1.29845606786339,1.43577737749278,1.76226783859415,1.38196546447552,0.876926384920785,1.10477682702734,1.1490775435228,0.127960576977895,1.23050390322938,2.09546887620899,1.94412628069372,1.96449442620888,0.62232456598138,1.06351314651495,1.22403959335624,1.21512852969337,0.736549853464123,0.980458396008074,0.946178079672304,1.2290770722024,2.05087718620617,1.3065123968484,1.03412482227166,1.54620182353564,1.20589012083471,0.940322237836697,0.748607068175325,1.07791633512924,1.13218289425175,1.82557276228901,1.19412387963086,1.62401905091005,1.46563853368553,1.91637468242933,0.964000206998062,1.30975857003988,1.00599132127885,1.73951734748749,-0.0173806899480855,0.983495431991137,1.7936020481679,1.41308144391875,1.35023116632914,1.38136533161659,1.77294292914539,1.16489922798546,1.92641326843322,0.240512766793322,1.04007159332831,1.30618505165262,1.38653011137222,1.01450229636911,1.12780010579715,0.684247365516286,-0.0525884843385634,0.556055349680295,0.515682775534189,1.14862289741755,0.980094679123874,1.69139760370794,0.636673197063037,1.22616733712881,1.62014546609333,1.09763921994983,0.847265273014345,1.21692892827015,1.00379083412945,1.06087619910451,1.30662151191366,0.948105779158559,0.333624289148305,1.81009660886634,1.2484268104418,0.938485467571492,0.656441209719261,0.171170142820754,0.606557439051347,0.622924698840309,1.47669552696518,1.29718305876869,1.78401810826926,1.8607987425237,1.51910491566281,1.15609727938784,0.78512424334892,1.96278495685314,1.35601426478791,1.57628120985891,1.31706018649018,1.15449910739867,0.683174400707898,1.76712345899821,1.25060911174699,1.18934100260365,1.60488754280118,1.42973967721507,0.760700654574947,1.55969571993943,1.41968290536697,1.48455181166389,1.23305977208438,1.57926368830934,0.980785741203853,1.07691611369769,0.861923063447571,2.55980803642183,1.12816382268135,1.87692958633793,1.33337288874651,1.99202779434275,1.38858783964457,0.267937019861938,0.835971863759961,1.04010796501673,0.971983792606233,0.993497646306613,1.30911297257043,1.75317491648917,1.72111327314701,1.68335946056714,1.21265525488081,1.78500014385659,1.30874925568623,-0.87169709339926,1.17246453917681,1.46325618809403,1.3251347013194,1.60095940045182,0.757118043265585,0.850793326791076,1.23373264832015,1.12072126593842,2.17383895324738,1.23050390322938,1.38858783964457,0.882471248820402,5.67540194494173,10,0.538,4.06,84,264,85,NO
DO36431,RECTUM,READ-US,ColoRect-AdenoCA,553,54,DO36431,2.59848810553207,1.92672515881777,1.35815646593867,2.57402630232298,2.60563568074483,2.61754830609944,1.88263935139857,1.9250883095324,2.34681343429987,1.88018407747052,1.01219927586937,0.966403870307683,1.08460257592541,0.791661115487697,1.06112288228754,0.74264657299812,0.674971948655367,1.45747684313183,0.908404843962873,1.13827304527114,0.695905432293773,1.35633774451048,0.872812465613298,2.29714415209614,1.13707268912853,1.62252581273959,1.63882155673613,1.11844898170392,2.12936710034611,0.910405437533876,1.44707375656262,1.16488093976548,1.13932790369948,1.69060055579655,1.33096658058731,1.1909068434028,1.1095554339201,1.46411517634471,1.49941655926577,1.63307439702307,0.783076750346665,0.931211610672309,1.10731840656343,0.671916496656017,1.28926178263784,1.98323283359146,1.77602590127838,1.707278231293,0.758578572709018,1.29373735295236,1.49894369169444,1.4268495742812,0.93210278417212,1.1385094790568,1.23752067360718,0.995576162015765,1.85397630169038,1.07181696428527,1.34140604158509,1.56128946225262,1.4484923592766,0.94441552824093,0.937195204171037,1.36412187222311,1.32911148473056,1.75312819849754,1.4725358565572,1.69671145979525,1.33989650279969,1.96560942295236,1.21622344568313,1.38631866774586,0.884852401467881,1.55123193275475,0.350166488795862,0.214617180753257,1.63121930116632,1.34417049815593,1.26780238538645,1.41946556528277,1.76591381013768,1.33533151201495,1.85359437019046,-0.157747844453278,0.594802708100986,1.25296161853246,1.35626499565335,0.661167853015445,1.06281429321575,0.739100066213159,0.279127229810968,0.423097218066068,0.509704732476224,1.01261758179786,0.741609901784054,1.4374709074218,0.509340988190587,1.25890883760263,1.48357549562628,0.991969704783728,1.16797276619339,1.14107387627054,0.717457281217762,0.908513967248564,1.21891515339685,1.02034714786764,0.305080384591163,1.75287357749759,1.27142164102854,1.05497560386028,1.06919800542868,0.18235306261726,0.644108246019073,1.19248913104532,1.33002084544465,1.4368707293505,1.88263935139857,1.9250883095324,1.3338765348724,1.2498152304617,1.10917350242018,1.90608267060787,1.22506243182411,1.62941876695241,1.12992511391577,1.19219013324253,0.857571580045111,1.76016665042461,1.41089938735602,1.05721263121694,1.74550775571344,1.15395042398209,0.698615327221768,1.21780573332565,1.50099884690829,1.61203179009897,1.30266727516475,1.74259780142835,1.22391663732435,0.777566024419266,1.01225383751222,2.46142925870407,1.11102859827693,1.98925280151876,0.95249065138207,1.62388985381073,1.36059264329172,-0.900622799009599,0.967804285807385,0.296259585664468,1.22722671032365,0.948998706239955,0.83787482697787,1.54573939404164,1.69110979779644,1.6003737857443,0.294440864236283,1.67808775237064,0.999049919943598,-0.215637747512397,1.2393030206068,1.39776821864453,1.29633812459467,1.75009093371247,0.882069757682759,0.806847439413039,1.41179056085583,0.987745656906716,2.17153051921571,1.28926178263784,1.36059264329172,0.983776297389703,5.80516124253497,10,0.538,3.119,90,481,144,NO
DO36459,RECTUM,READ-US,ColoRect-AdenoCA,292,44,DO36459,2.56442596328882,2.05992176271471,1.44234062049993,2.67915876642438,2.74881533997654,2.7499192476398,1.70326759517416,1.70472107359747,2.40562884592785,1.80304244947246,0.894140074921494,0.885345610537467,0.915537485127822,0.650691638248992,1.041290966435,0.771624722759902,0.71515984578379,1.1516449358396,0.551763113159206,1.10044201872506,0.452650603458875,1.10331217864955,0.966703605320251,1.81820278138132,1.09236509432216,1.44484281120334,1.84782430367899,0.908766851459783,1.60365832702536,1.04598257400388,1.23931360276406,1.34720217838736,1.1129897691642,1.86526604475861,1.46112544923653,1.17782594592008,1.35215136441101,1.59434870573181,1.77069795493873,1.29750793507929,0.897083828690207,0.750061726404084,0.976877954283363,0.39211966658973,1.22995338570261,2.27119129100298,1.95436979164532,1.71669847174391,0.641897173864964,1.02618582990929,1.22884487842408,1.2334812906098,0.888454950455669,0.699171583127471,1.01076791954566,1.11100273537031,2.13932952062572,1.27502501567075,1.14816762670031,1.7271671960839,1.24409720263822,0.798376085133074,0.689696375684429,1.20058484224444,1.1047472586118,1.89161264098858,1.29241156136721,1.54290660862356,1.39244399412026,1.95381783781369,0.895795936416395,1.31070175455468,0.934303915403362,1.61583810824341,0.242337795145439,0.393499551168813,1.79689736348027,1.38239843438453,1.25178775935898,1.51139004483729,1.82834033342233,1.16021861869097,1.79178259130713,-0.87106347402575,0.637757520127712,1.12476478423904,1.44725300960147,0.677240617550565,0.982839055665005,0.73359510376035,0.246054284278439,0.400858935590594,0.505141412847225,1.14634617905592,0.882622638301408,1.50040616358778,-0.87106347402575,1.1462725852117,1.58553584288673,0.932716877781295,0.880010056831676,1.05711364294183,0.986997107863311,0.925362263330899,1.15238087428178,0.846966420777881,0.312638314834499,1.76287860899059,1.25526506849827,0.960926488549154,0.53417418439115,0.469393203018426,0.727302830079728,0.951580070333492,1.26021425452192,1.20759465590619,1.70326759517416,1.70472107359747,1.15696209108433,1.32455367282933,0.732068031492831,1.79632701118758,1.24295649805284,1.50404905887656,1.08263230842435,1.10153341543481,0.769784876654456,1.75079082007781,1.24926717019452,0.963097506953579,1.59328159499065,1.21234145885823,0.698619629295838,1.36081703956766,1.33993478627086,1.44631468808769,1.09299064199801,1.65162311499432,0.96103687931548,0.830076633529894,0.753907004764465,2.42018202862192,1.00035439058884,2.00700778872211,0.895096794896326,1.72757196222709,1.28620484053049,0.0662093274711748,0.84547614543247,0.46655984001604,1.13155381636814,0.876164778471295,0.997999387573873,1.65199108421541,1.77354971640217,1.68613862793247,0.50247363599433,1.66078554859944,0.973419043605126,0.279741866469139,1.1710737107131,1.34909721987597,1.14940032359096,1.63462293698001,0.776132345718242,0.737937140569201,1.25980948837872,1.04950679921886,2.18612416647161,1.22995338570261,1.28620484053049,0.867764041153833,5.57004643385854,10,0.805,2.94,95,705,394,YES
DO36556,RECTUM,READ-US,ColoRect-AdenoCA,59,0,DO36556,2.73546628919185,2.08783368952125,1.55082468066334,2.55495524162342,2.6202807056711,2.56574501690802,1.77053857843252,1.91006740934977,2.43153535591178,1.58476514923404,1.0198920189394,1.15868260207402,1.28371148936319,0.971489465601261,1.21134427723503,1.49394174254011,0.797641577506827,1.19570856778752,0.74367377165347,1.75121163007184,1.1158453012511,1.261431549872,1.09933883800869,1.53768765601858,1.31975312469985,1.80654235490852,1.98101491420364,0.810475731266412,1.41682324340066,0.957197745706738,1.42727228893943,1.30248948424447,1.30055868235144,1.78761292458465,1.69453691568217,1.22253157055644,1.43147462247133,1.67231376448195,1.96755608924337,1.30207303677735,1.13867419422169,1.1565246470171,0.967097837766123,0.473494012640855,1.33959668876311,2.14454626277157,2.07498060633134,1.76868349426078,0.445819185507356,1.00968905599483,1.38649829602182,1.31070485700503,0.812785121765924,0.850284323237513,1.34837442334954,1.39535726941339,2.02508262799761,1.33389340915178,1.34303632399821,1.77706923189425,1.51298474944592,1.27502288084454,0.953279353629697,1.34400172494472,1.24276713157266,1.79633939196395,1.6346063392768,1.36274186096536,1.43192892879911,1.97579039143425,0.922746182517293,1.40303897784982,1.03482733946493,1.64602078576209,0.271005896466404,0.57018554273519,1.70790109349083,1.43713452213817,1.4174100557407,1.63969835603392,1.88248722936789,0.896775004112941,1.85575887375058,0.196442870420675,0.749787977648081,0.963993411193008,1.19644681557015,1.05199633276869,1.04679073942962,0.784504552862061,0.134202903515786,0.433969362124612,0.640054070060599,1.33389340915178,0.719084441662761,1.75660651771415,1.12247060186446,1.23070908445635,1.79914094765189,1.09330736063549,0.985837973786756,1.30970159719787,0.813920887585357,1.04287234735258,1.33188688953745,1.15046722931346,0.331485426351173,1.49770869917456,1.25162610496423,1.14015068978695,0.769663879488146,0.614499339123373,0.549136016215045,0.957084169124795,1.50058597258379,1.36660346475143,1.77053857843252,1.91006740934977,1.47593985430211,0.991232861429059,0.484094493622223,1.88657598631785,1.41383239340949,1.17102459064519,1.67392276605948,1.17561838479619,0.683440324362912,1.81415198589872,1.4630110533909,1.15292805525557,1.51048606464317,1.40701779849289,0.904573929406376,1.71632468998495,1.39431615074557,1.44290799838695,1.40970577759888,1.53526468893712,1.1795996225819,0.967665720675839,0.951064610281804,2.53042269992368,1.23156090882093,1.87697876514364,1.22540884396567,1.66203508381609,1.40294323861568,0.29993006600128,0.944420380238125,0.794366786060797,1.02364004614353,0.994696947178327,0.667236732005678,1.74375343452424,1.4936956599459,1.69978036788189,0.142493993997642,1.83592083077117,1.09010127601064,-0.205258570482197,1.21363473830422,1.43064172753708,1.35195208568075,1.87258713730851,0.752135227008241,0.8199025875677,1.37239587043053,1.0669013662057,2.18120121165071,1.33959668876311,1.40294323861568,1.16272971427727,6.08647085330676,10,0.839,1.988,12279,1273,475,NO
DO36572,RECTUM,READ-US,ColoRect-AdenoCA,15,6,DO36572,2.6568045754455,1.85827032717522,1.28898610905712,2.61548350442394,2.58393750615066,2.52419488276179,1.91804935679407,2.01596391231166,2.32365116494484,1.71060665839687,0.865672670023535,1.1611820387301,0.993585959040478,0.76380803855366,1.39980667310083,1.04794046039306,1.07165911922173,1.16951906539436,0.937647786683986,1.61041671350584,0.825498395246191,1.33256436633712,0.892340233480176,1.60224351487647,1.17749202975887,1.50547575560309,1.87463492754895,1.1603082892107,1.47747936475236,1.02385773926464,1.5545513536093,1.1993903770888,1.16768055078063,1.73585437888449,1.25441839369592,1.07762974093762,1.22725934613461,1.38835691377371,1.57730524734364,1.49349810594133,0.957744025630152,1.21005740247146,1.39101456856188,0.598086879707744,1.27936424585999,1.94207746857752,1.95334519675477,1.75462179043657,0.665074342861629,1.32453679262765,1.4543250024883,1.41977549024208,0.955323011336818,1.1216812792073,0.991929475576618,1.32085976340018,1.8394119000482,1.26499440350364,1.01697696179937,1.6235593625268,1.30394906957682,0.905228038891304,0.885168206175114,1.26149940542604,1.31201304951627,1.8331682316075,1.32588382313672,1.63411716921953,1.3642559895303,1.92107107388199,1.03355999955296,1.36263101145777,0.966554333284086,1.70105002302845,0.5144799725703,1.16436758385291,1.72602469679126,1.23319356162053,1.22008731882955,1.40179081263446,1.74779562231627,1.2728945554082,1.94904926161772,0.252045663795963,1.24473433652258,1.50134364850093,1.31199484640128,1.28172306617712,1.25520112764038,1.15932532100138,0.699642058222832,0.57560603269822,0.833380344035765,1.04997920927166,0.823659880632457,1.56629236277622,-0.579436222601634,1.4106011202884,1.56461767619737,1.1425184523524,1.00563642116218,1.35868583634414,0.966044646064437,1.1064270688478,1.59143086457391,1.19702397214043,0.25796167616689,1.72318501085321,1.25427276877602,1.19980904873351,1.16105461692519,0.43738978059837,0.580029389640175,1.02476789501401,1.49710232270885,1.52630011914875,1.91804935679407,2.01596391231166,1.65834551526785,0.921701857954963,0.761022961960577,1.96841737596439,1.3754509052476,1.50285450704489,1.40235510919908,1.25645131757772,1.13635298988719,2.05655685873371,1.49191443493742,1.36170755343206,1.75593241471567,1.45893039058013,1.09577824658013,1.56858595526464,1.64545770985672,1.65526918883497,1.40641440384128,1.62481537746093,1.19083491304469,1.45314180001411,1.0680731055692,2.5923109390449,1.5023994291702,1.86698961925422,1.61784358442073,2.18649069351427,1.58678998040786,0.558749948219824,0.914566236879876,1.31969476404098,1.28652868853381,1.19802514346474,0.84060698068579,1.79421356553432,1.71563071813341,1.63076779606183,1.71377400040469,2.08992316850575,1.47700608376269,0.529097073905237,1.43466563830183,1.45152172278023,1.61209140008469,1.75078093317421,1.01000516875917,1.03503445186694,1.43816063637943,1.34004220597397,2.14959479974617,1.27936424585999,1.58678998040786,1.10212385246476,6.11787287847878,10,0.458,1.941,75,141,22,NO
DO36619,RECTUM,READ-US,ColoRect-AdenoCA,142,60,DO36619,2.53163334423469,2.09234251254468,1.37537868207914,2.78698734454515,2.86795943808296,2.68558185436222,1.72880210781414,2.01265770486473,2.4456571535593,2.10010248926528,1.02917130946282,0.901584963241247,1.13895322311518,0.55128003282387,0.916524731507068,0.811982615219785,0.611347329261568,1.39251227553933,0.389988554070545,0.935271964986265,0.79289089679271,0.803515537816704,0.656728688447671,1.8902930252215,1.04351276176654,1.37273158721651,1.91812378285261,1.11233722819501,1.35429257711172,0.574904447933535,1.17073649225351,1.09857596106666,1.07049137242133,1.78120008146489,1.28407204010502,0.888186311847508,0.952206119792426,1.66460099200192,1.94377884607607,1.00409643141473,0.623259256143418,0.675385267993217,0.904540281478297,0.361795180704828,1.12259396533826,2.3162033363045,1.93982633456885,1.60950153112834,0.82072165442382,1.31989847468422,1.50610165440507,1.39916627426938,0.777497858858631,0.791095948906404,1.11944449659331,1.00779511190772,1.6887149383533,1.13367716417665,0.941218863033825,1.728004353198,1.24180917623654,0.871632903562685,0.643058075252976,1.35784621131088,1.58781711019882,1.76513620442179,1.48762638272683,1.44864519125654,1.18447962859513,2.29587872437976,1.35092025077988,1.35898914821284,0.524065721941592,1.45881656261228,0.393451534336045,0.543066786435015,1.6093564848345,1.49906690915369,1.1466044151154,1.59274868418948,1.77082927145512,1.38910368763403,1.78654866355035,-0.0403094074012018,0.506805212974285,1.28744436643687,1.38286669699878,0.475348297997102,1.00641717211622,0.931210668758663,0.252611583014571,0.351206801254295,0.31320467226745,1.09746998307611,1.04445556267652,1.35128286651448,-0.432967855620711,1.13161025448938,1.43858260462119,0.955959192645611,1.28496044865481,1.27904981218071,0.968233735262068,0.968288127622259,1.25256073276765,0.796535184925514,0.243981328530918,1.56877978413194,1.15710214063228,1.05348469446824,1.06438129729319,0.504738303287023,0.806198894252798,1.14490012116274,1.34883521030588,1.30174955716713,1.72880210781414,2.01265770486473,1.24594299561106,1.44554482672565,0.917540055563968,1.93852091792427,1.23907142744026,1.57768200041655,1.20556573356254,1.20220428570273,0.515127244083523,2.02068964338628,1.23163780488081,0.90272720280526,1.85475668322998,1.16335726205425,0.653410754476014,1.27118105073973,1.74655214802317,1.6561701761723,1.31850240410598,1.84788511505917,1.16611314163727,0.984841535907082,0.923432561251337,2.55241122582769,1.13039549177845,2.2121326204722,1.00315363050475,2.16071370930489,1.41575957028501,-0.82210893121453,0.914929222274796,0.188482990349271,1.21764083752497,0.85348398604559,0.52393880643448,1.54615256229244,1.90559540922193,1.6203437415931,0.487097047798379,1.64547301200138,0.902600287298148,0.0743315570948947,1.17035574573217,1.64735861382134,1.13371342575011,1.31114130469346,1.05640375113183,0.580815084407634,1.57822592401846,0.976798718913492,2.26271026313523,1.12259396533826,1.41575957028501,0.867861699922769,5.66892549868127,10,0.76,3.438,58,180,38,NO
DO36710,RECTUM,READ-US,ColoRect-AdenoCA,287,51,DO36710,2.73589176529798,2.0208877994632,1.51808835062276,2.58370062398442,2.83734033576628,2.6971079841222,1.64928761037583,1.76152469140222,2.44961223767511,1.88188058376385,0.711308902599728,0.938379621430896,0.81273918745691,0.636337897026545,1.16865032220726,0.917387739870405,0.946315576654984,1.18331538232182,0.759052633222065,1.3968730345387,0.649046396751755,1.23204653594439,0.937319055986202,2.13261288337836,1.31850090529805,1.46096410149821,1.9654823977835,0.924610556260992,1.44439733782765,0.857977789356436,1.4545458519967,1.30784039401777,1.37774628531198,1.8661549582046,1.55851783679893,1.29145648645836,1.46496865033249,1.662782391379,1.81469924852583,1.12417971597458,0.765160027334612,1.07442456812955,1.06175263962657,0.588649023237554,1.30565983489225,2.17876576583365,1.99660450790193,1.9419853875002,0.745374996107738,0.999343848889675,1.36295322591961,1.31742205424224,0.868126303525489,0.748282408275088,0.834718492017634,1.31767805279786,2.13868370626867,1.20304555671535,0.888935328974826,1.6553035764328,1.30347013296118,0.997497002167018,0.531707630224166,1.16541376903983,1.15875780659382,1.81290725863652,1.15416811820386,1.60134273803122,1.34508818385986,1.90775472349215,0.862402907246365,1.30914359545611,0.956189806657306,1.68331713266161,0.466464569764381,0.791162166340726,1.85957213820305,1.48899594333814,1.31970775563167,1.62012206064675,1.86644752798244,1.07285200557363,1.94118082061112,-0.00137279062339688,0.515854005387105,1.15890409148275,1.4521687225517,0.923147707371759,0.866133171913909,0.856332084356049,0.0129265572688541,0.461216599374259,0.563835448953942,1.12611799075282,1.03317222945318,1.68596854627334,0.499616382716621,1.16801032581822,1.62416318070325,1.07452615485797,0.891477028919868,1.35499898508441,0.697740979152094,0.910969490368896,1.40226728981775,1.04924528162363,0.222278518929189,1.75933041806837,1.23144311077758,1.04469216445589,0.741919015606925,0.52631337494512,0.423255670698666,0.876702255138616,1.33221511363461,1.26922118334202,1.64928761037583,1.76152469140222,1.43834480054845,1.09658672880143,1.03227623450853,1.90272618043542,1.28132625790042,1.392009061982,1.17265487104154,1.13843225270238,0.70895005876584,1.92276721021791,1.40702154870775,1.18940449082325,1.55467785846469,1.46153095544279,0.755651509554599,1.73153628917294,1.42232660521135,1.48351026000351,1.19008105843452,1.63934023792904,1.08629192974345,1.00618266744684,0.84389786879757,2.55610763681126,0.955659523934959,1.96572011072801,1.24638245505887,1.95875329289303,1.40428967840711,0.33678301573389,0.862421192857481,0.809246635733867,1.07180972574005,1.05842465840357,1.14305046664569,1.70006675244332,1.79612106763257,1.6188786390909,0.822448846959194,2.21859182684302,1.25788410445046,0.155206897357863,1.23071168633296,1.55932240368801,1.31727576935332,1.45317443116305,0.788620466395684,0.826398538960122,1.2879456491242,1.16571913874546,2.21353219824738,1.30565983489225,1.40428967840711,0.947036029732931,5.87051774127968,10,0.749,3.05,42,300,83,NO
DO36801,RECTUM,READ-US,ColoRect-AdenoCA,309,61,DO36801,2.68132486653865,1.85397298438724,1.39254289588404,2.53722463219603,2.52840479929926,2.46784440180976,1.7768224628059,1.8933952437442,2.31096553692359,1.71265311490352,0.907249543426322,1.02444836678318,0.914946182572145,0.688282001028872,1.15057750111067,0.963814317244432,0.76403313367461,1.15037495797526,0.860130644923541,1.19219090893259,0.860775100354411,1.23028743140318,1.12641962895919,2.31871741510635,1.19535794705001,1.35219998591155,1.95784078683124,0.938238643145033,1.44875782246825,1.03153737652276,1.43382486948437,1.40543200450145,1.2894668529694,1.81121796980207,1.5116566725212,1.23542466183784,1.42218784570408,1.59160597197375,1.8354494940028,1.48552860805248,0.866188525973723,1.06626431774051,1.23131856009258,0.656353837682322,1.34591884708711,2.00971024251015,1.81543454962119,1.81766252411077,0.830596173177366,1.13978747589667,1.55360151456471,1.39070159465298,0.999774930287,1.01831683368376,0.956449112320199,1.30592808597506,2.03022233822414,1.26630328348268,1.00769252558055,1.49746024002974,1.35800008478939,1.02997227047636,0.843172260585494,1.21710371458881,1.27057510233874,1.8197984335388,1.32323631754701,1.46494286028925,1.48751721338202,1.91480957706141,1.15582520961919,1.36633055647436,0.913233772427261,1.70602443047171,0.0890857544178907,0.641402471686129,1.80895316928787,1.30614904212279,1.32769226652617,1.57580760741127,1.75688117047354,1.12695360631619,1.87700766278778,-0.23989953653529,0.309489511775565,1.58860465096712,1.33918198620797,0.143846053029564,0.941534572348627,0.877659832643216,0.198569525616615,0.587967909960818,0.747387770545843,1.19858022420436,0.988929666036067,1.63430574752199,-0.926115679326086,1.19266964725266,1.50611435581571,0.971037673777532,1.01527868665251,1.15534647129911,0.696310074396287,1.05053960522728,1.29197102264364,1.0644966685587,0.300319831644895,1.53616439190658,1.34721005957538,1.07101487491664,1.05643176916666,0.465061052787679,0.645655877529874,0.904745373752083,1.1615884824724,1.47087185025326,1.7768224628059,1.8933952437442,1.49289381297671,1.22279333539278,0.862156076277705,1.75063915930025,1.18749559079339,1.32432268527333,1.20423301898371,1.15791029913324,0.872246407023904,1.70407265116679,1.528007427453,1.13713600212395,1.58818115168398,1.26484865551015,0.6973780291103,1.50675881124658,1.62300015796329,1.59094310353057,1.26179209546659,1.64629261853618,1.18747717778108,0.844958322779621,0.97734788129271,2.45948489422075,1.01774603030213,1.84692080067229,1.30677508454135,2.0929738841786,1.40771705932919,0.198790481764342,0.877843962766321,0.63604428510375,1.09141649255677,1.09880011049331,1.02334358604455,1.67153685841399,1.68006208311379,1.55610568423895,0.655746208276073,1.86645700673382,1.08027662010887,0.0820703967275587,1.34962216418807,1.38558277723064,1.41010890962834,1.8015327253267,0.829215197254073,0.864899615111982,1.4222246717287,1.12908399184053,2.11551509384922,1.34591884708711,1.40771705932919,0.961604755767162,5.83075575603268,10,0.689,3.581,132,316,93,NO
DO36822,RECTUM,READ-US,ColoRect-AdenoCA,210,49,,,,,,,,,,,,,,,,,,,,,,,,,,,,,,,,,,,,,,,,,,,,,,,,,,,,,,,,,,,,,,,,,,,,,,,,,,,,,,,,,,,,,,,,,,,,,,,,,,,,,,,,,,,,,,,,,,,,,,,,,,,,,,,,,,,,,,,,,,,,,,,,,,,,,,,,,,,,,,,,,,,,,,,,,,,,,,,,0.62,3.264,139,252,91,YES
DO36881,RECTUM,READ-US,ColoRect-AdenoCA,35,0,DO36881,2.63679397263657,2.14273840239258,1.56680028681234,2.6868574637588,2.81869006330385,2.71177577240649,2.12625223764236,2.20159325430477,2.48282226882258,2.00394833882449,1.0418898761184,1.16576298557189,1.09925114200391,1.07089191364918,1.45599132855427,1.19767657054709,1.10399658621527,1.2484584954543,0.926883752063821,1.71840872159677,1.23435450588588,1.56428576856489,1.11666370821372,1.58619799900698,1.32805339636993,1.74241953493711,1.97969174550508,1.00742396059127,1.48298931394798,1.17652058619445,1.61404676125133,1.43003318153356,1.20268670088976,1.89928388004328,1.52779689474846,1.25365768731934,1.41418982595938,1.69432228364748,2.01175657969817,1.67891376957474,1.05035983232035,1.27367930253778,1.25051926604808,0.518567582212318,1.41826725279172,1.98833185707715,2.01238048272197,1.65025204278421,0.544090887731581,1.32230592609004,1.44852339842085,1.38705949750002,0.904347618597923,0.899829048213402,1.08318091260289,1.38677590521647,1.96969039097197,1.21947536407576,1.40157942241764,1.38439373003467,1.48559836295661,1.11414918996627,1.04041519624395,1.40553080823507,1.28273534945906,1.74440468092194,1.38503653921071,1.47869761739029,1.45137822740856,1.88090710006941,1.04703234952672,1.38146545791712,1.06656240478702,1.69793335872465,0.212344634437868,0.932725753104897,1.79257755682052,1.30045041410465,1.4178765256455,1.57404134311892,1.61291239211714,0.845398235924543,1.89949184771788,0.0507726574248138,1.16927952988788,1.28801016593304,1.25352534425368,0.972050549756799,0.855380684305411,1.03659615349218,0.307574923253075,0.371250843985578,0.897182186900293,1.33353618051851,0.790513675982009,1.65221828261681,1.00099586883087,1.42313243596724,1.72922304067604,1.12902062926992,1.15479741727472,1.37726611064152,0.910340868856891,1.14670558411751,1.59735262882651,1.2812039511279,0.0314127575346466,1.81284495201804,1.34724314088997,1.36805881450235,0.934351682197235,0.635369790729362,0.666016663504714,0.940760867805405,1.48799944429065,1.6379630438305,2.12625223764236,2.20159325430477,1.57428712309799,1.00027743504588,1.18593585000822,1.9590840395673,1.3302654161816,1.45982927745827,1.67000897187135,1.31348885293303,0.951178157687712,2.04503140763439,1.50376717525588,1.44650044013155,1.9091907038152,1.59776856417571,1.3089203703066,1.98990106771278,1.66462071848395,1.58504472372056,1.47421685931024,1.59544310745063,1.36471242555649,1.45336337339339,1.14602496263699,2.60843474428183,1.03884598560832,1.80670045254118,1.45255040884723,2.02918805206021,1.59857018503054,0.589106436206667,1.14071233385854,1.23469481662614,1.26541731401043,1.13074879162991,1.43126208142894,1.87790102186381,1.74773216371556,1.62385905426207,1.69781992181123,2.44387559521541,1.54329993958238,0.732679756290582,1.39794944118824,1.48245994168535,1.61399004279462,1.46308113564295,0.921193000240637,0.973241637347698,1.59317436918225,1.39520993972917,2.33782720609048,1.41826725279172,1.59857018503054,1.20292113717749,6.55758578109024,10,0.53,1.947,,181,34,NO
DO36945,RECTUM,READ-US,ColoRect-AdenoCA,243,54,DO36945,2.59487854887716,1.88748383879652,1.37199861882591,2.59025309570999,2.67023410978687,2.60122684290012,1.52061236916873,1.67205382569877,2.37062833965901,1.78995606513405,0.74951000048599,0.685746162290767,0.784509887001959,0.452937928386796,0.789022980982884,0.687075745994691,0.3401667584568,1.01304847182854,0.523874027970792,0.892973954792483,0.587375694731439,1.10235529836394,1.0069810757712,2.11654676649225,0.86582048478277,1.27563189008799,1.95611657506245,0.93443449451766,1.49160497258594,1.04896595836553,1.35349680615722,1.25263570996942,1.11346013127136,1.67201637263668,1.47387094768994,1.16400303855151,1.26907760422358,1.4763990293805,1.26153081221398,1.09484595941642,0.826138965506506,0.855483439648038,0.971812650475859,0.328237958183567,1.18745177650357,2.13536693018864,1.85845771568269,1.76216589306893,0.592656576485053,0.966363229942874,1.27183040428663,1.24050091785473,0.694397819631793,0.697375338067341,0.639828708177789,1.2587218325578,1.94188441147115,1.22905900738857,0.866812990927952,1.61132368553221,1.1632727038409,0.668667565981209,0.161815276820585,1.06699960775818,1.05958390146588,1.83572370699869,1.19360968412761,1.6425595393089,1.29874042939281,1.98263334301676,0.873872893130478,1.21977785050408,0.910164910288288,1.61467573458858,-0.114419782567886,0.172414493389894,1.73701616188063,1.47373986197265,1.27531353906029,1.45613692279394,1.74611725596664,1.06138164844583,1.83669748661284,0.151309692906482,0.107264891897623,0.917206085959773,1.27975172691705,0.829359928845589,0.939078674215873,0.577768984307313,0.274642626343705,0.355653599627857,0.346964489224749,0.976400650580948,0.95488386641463,1.54272840232836,0.700821019778918,1.17184945505776,1.5226910141143,0.956207901516764,0.903367179520339,0.900502020271039,0.521926468742509,0.883367244368357,0.986044814067156,0.791457430018238,0.493162517063254,1.9774648204494,1.27110006957602,0.778779568503357,0.640783761260889,0.204979930870509,0.601102241984625,0.850221284425466,1.12368481721984,1.0425427582184,1.52061236916873,1.67205382569877,1.39445172954429,1.35151179386686,0.669959696623051,1.72308362278599,1.21636241934265,1.51254123428998,1.11537023743756,1.04585735421269,0.584735253854633,1.56300923544596,1.30649321324386,0.679173149895312,1.34894625911422,0.863367309216375,0.229867490624239,0.868348566473329,1.25008890174782,1.61991916328012,1.02952781914478,1.71634207161116,0.913666771592989,0.534829048629883,0.714453934376898,2.39246347485303,0.894228632372243,1.88400070402286,0.823049087884711,1.61330869782258,1.14149093926035,-0.00430778004573779,0.754360172025657,0.305410316844366,1.01580127189159,0.764996841657048,0.579641637411431,1.43643661213862,1.82046158420013,1.37830945978679,0.195073595949724,1.40078129703621,0.783348842077406,-0.327752424189028,0.977093532229472,1.37218588413632,1.08001454683181,1.42954524871546,0.592656576485053,0.542169848798027,1.17945242666048,0.863783974532041,2.10693256545571,1.18745177650357,1.14149093926035,0.69188659181917,5.1277618730388,10,0.664,3.329,70,211,39,NO
DO36969,RECTUM,READ-US,ColoRect-AdenoCA,61,85,DO36969,2.76702942116239,2.04679020903819,1.48363235126971,2.58377090059056,2.75142592096345,2.70762597805206,1.84745090473192,1.92091585508036,2.43412415515316,2.08025512770016,1.02841400075982,1.01007529876129,0.940171617870023,0.861915475107554,1.25769366838901,0.850736026141487,0.898482736750256,1.17260869965712,0.917060080516528,1.18621128041878,0.667606004983057,1.1645683077899,0.887762214260628,1.89661110888812,1.23707869106734,1.7212644807701,1.73749212097701,1.01181921937176,1.69956643696404,0.883191306555291,1.44337532075644,1.16653251310906,1.29435271532699,1.75416033060129,1.38813893005218,1.04317307624211,1.17060778021984,1.44449510135895,1.95658362082924,1.72339389962078,0.764310992098394,1.02233781421176,1.15759262534801,0.515040487155499,1.28129396243991,2.12161358175689,1.91957578976915,1.72410982492403,0.749496845438926,1.20746875480746,1.49688614790929,1.40631241851918,0.878198186491629,1.2180974920018,1.26549541848848,1.22969915332619,1.96319216208997,1.27315031211549,1.46193430746365,1.53132399070131,1.64291655271235,1.16370552601419,0.952342348025199,1.30081440011526,1.29631692064616,1.8223568050002,1.53016749598068,1.52058511115263,1.39759281546683,1.95265521019092,0.989331822026225,1.42366689973593,0.935160140747303,1.68750584916321,0.258500586825801,0.713682223217585,1.71166373888299,1.37484841929449,1.28293462459318,1.37429770752276,1.83968586875056,1.23024986509792,2.00842395560785,1.11638102776374,0.896757173198843,1.18817548573795,1.34656019128676,0.77846428463179,1.18059402034716,0.765320630346561,-0.134267048770207,0.523796804325965,0.699400431270787,1.07309508250597,1.112636187716,1.60398123045122,-0.480481182596189,1.20319156004705,1.52675308299597,1.0673078496653,0.965853143491579,1.03193855609887,0.892314764906909,1.05262696165677,1.34176899887273,0.956546114549385,0.34692654030617,1.95329770725793,1.24794607002943,0.94118125611819,1.07340715250995,0.477610443737091,0.528551282621879,1.15122272585503,1.19505938288454,1.46734963988564,1.84745090473192,1.92091585508036,1.28119070398271,1.12805611732437,1.25451789717204,2.00357769201665,1.28800117289307,1.76339393130725,1.26936875794963,1.2152029509296,0.755169176687719,1.87838254924394,1.50033727501211,1.23192035747216,1.77086525434369,1.29736327301244,0.786981960034507,1.50988294572206,1.83289375689926,1.49929092264583,1.26698234027214,1.65749205760407,1.05393031284985,0.903512570932033,0.982980279592302,2.53457398231624,1.37303107044779,1.90630363607052,1.41688608453635,1.93213201816454,1.45454559119298,0.0079634448079326,0.996417646822452,0.709863954933609,1.1141047524406,0.934554357798403,0.681961225166085,1.76667984487856,1.65710655936386,1.70924060708739,0.985329983151673,1.64157648740114,1.13112174618698,0.418298785922046,1.37347163986517,1.39586725191542,1.27542658743863,1.57940112837312,0.789001236530841,0.876766335885137,1.32539450219336,1.11847740390812,2.2623020823742,1.28129396243991,1.45454559119298,1.01233688843719,6.01047852444427,10,0.281,3.912,242,151,11,NO
DO37074,RECTUM,READ-US,ColoRect-AdenoCA,214,69,DO37074,2.62735536045188,1.94350529613126,1.41128205118396,2.67026895474378,2.7260730135069,2.56537917251398,1.93777013185381,1.95592238196371,2.45577381076718,1.87546622024292,1.01684840386123,0.831575287393533,1.0939909151106,0.636980253116142,1.17388266383901,0.67874681455255,0.802389673626069,1.37366665627219,0.768160756668593,1.0755837688106,0.967653439170219,1.17451990431428,0.823363988697883,2.40328340247547,1.1066993108746,1.61432507347639,1.75874197204378,0.966652061280506,1.60105226472001,0.616169799880826,1.45647150431612,1.05240642238141,1.2515349674686,1.74144544485782,1.29728883359314,1.0496753917731,1.11975363718232,1.41871045443856,1.73541897064882,1.36678445913925,0.770764339181848,1.03964340600525,1.11434619657787,0.665437592054723,1.2546726181897,2.19375873420599,1.93636820280821,1.77383546787237,1.01690302447339,1.18162058389588,1.51405983641,1.3457009028431,0.921681090597014,0.813077106739919,1.23292754559065,1.17233507982763,1.96715602119922,1.19917200727195,0.996074364367357,1.45122792554817,1.38167767938989,1.26591839533903,0.899432294574655,1.22910410273902,1.31529542873726,1.8187518179437,1.49838372071831,1.65090267675701,1.53501594461109,2.09961100570221,0.987480721386544,1.39990275698268,0.998095327017505,1.64629633846433,-0.874626981712274,0.504452441130258,1.8290751136431,1.32143114417059,1.25235427665109,1.33000658028068,1.92966807438249,1.30803088731915,1.91073292883155,0.0669049239376808,0.289629573480656,1.22850327600519,1.36150446662985,0.978450113508401,1.01298854726815,0.819759028294915,0.307199203727446,0.49873548372353,0.541448802437486,1.02085391542008,0.971221985831743,1.55358695274759,0.443623286047851,1.24330546190223,1.50956273934165,1.00010347742529,1.00485007605539,1.14954007768361,0.702524987715562,1.15445593277857,1.42644837449544,0.957439384695142,-0.157476550841003,1.86385023672224,1.243778840541,1.08692664927044,1.09331726089389,0.46119291629464,0.871157024343294,1.09814208163523,1.32907802987386,1.45805550206894,1.93777013185381,1.95592238196371,1.45335812942265,1.16805646520795,0.905695458103044,1.99341032878043,1.26843094349867,1.63062022277264,1.13422809940636,1.20763091940942,0.904657666471887,2.02214077077984,1.45929356927804,1.08215644914126,1.55741039559923,1.41109998247674,0.887342932415206,1.54402834561851,1.48753242576796,1.64513109873812,1.1889761596676,1.7634575515608,1.12060936010626,1.00335711265618,0.96696157808278,2.49562865077777,1.14404160272555,1.90829320815479,1.29712497175664,1.95828927515757,1.44237665534664,0.0939967475721081,0.946824779064181,0.610179739413268,1.17078749581626,1.04823704898606,0.747841888942773,1.71812244346286,1.69918729791192,1.53361401556549,0.808470768447237,1.8354293115251,1.15143359223871,0.289174401712605,1.40997115649198,1.44013994127843,1.31220026071451,1.58126139624513,1.00044401334065,0.904639459601165,1.47567975292789,1.13888177556292,2.21687963933594,1.2546726181897,1.44237665534664,0.945182519325051,5.85911143219733,10,0.689,3.489,155,396,153,YES
DO37138,RECTUM,READ-US,ColoRect-AdenoCA,74,14,DO37138,2.25190739085735,2.133603224066,1.52211373528561,2.83612844952404,2.86006877050047,2.79926182620781,1.71273532327533,2.01112513034558,2.38613499694638,2.05154051091869,0.986177840124367,0.795923999000637,0.960306848101453,0.433435913187049,0.888485885172171,0.684772508752938,0.62209005544369,1.26211670102548,0.34716249842407,0.656878908967039,0.360750745122672,0.756850894488419,0.667396469334563,1.97389076016335,0.972001198440169,1.23727540022736,1.84144672637441,0.946718601402851,1.70729266965857,0.500218744052168,1.16324795610209,1.25284948000235,1.01513790582166,1.83843120207323,1.26042506544189,0.941937892144886,0.896429217477714,1.7731929080453,1.95456566235519,0.567534807872983,0.684441536573541,0.589893817325622,0.101801789430638,-0.793956026765709,1.00874064263191,2.43425467436214,1.99426393653961,1.4529589371348,0.265835279008756,1.2309133794456,1.18582761367433,1.27206425375071,0.683283133945649,0.0919277860786089,0.743795880745513,0.749073048272575,1.71650472865181,0.800245024676106,1.0511770986894,1.83433082451736,0.721418483949574,0.375074485553269,0.425400644165007,1.26827646103093,1.28944029316908,1.86649028794883,1.31955876149427,1.58534780889385,1.34460232306868,2.45795595987566,1.19366062192007,1.20591083579085,0.375460619762566,1.40540926736135,-0.793956026765709,0.302058345309495,1.51838110459573,1.5097390532448,1.16378118905779,1.57560251694492,1.69136923036089,1.54217432682576,1.69048663788249,-0.793956026765709,0.601955914530335,1.54305691930416,1.40656766998924,0.339936272507222,1.18402565403094,1.14270929363614,0.402159042233974,0.534400815246621,0.0875148236866407,1.01749148576404,1.01471499692576,1.26897518007633,-0.793956026765709,1.25237140907655,1.28375860408942,0.869341936746149,0.975972864592941,1.2453658312793,0.701082082259921,0.917850472422059,1.25312529015184,0.793993327954151,0.239853962926043,1.94917817076833,1.19816552102854,0.983713936122185,0.594214843001091,-0.793956026765709,0.803591521156682,0.743464908566115,1.57221924577775,1.24891458853617,1.71273532327533,2.01112513034558,1.05660136496286,1.64005015521096,0.794342687476849,1.9395983649091,1.2589724653212,1.45648930704838,1.19901133882033,1.09982706708592,0.527101039956574,2.11378166798874,1.02894680063986,0.680451483077469,2.16635108248306,1.28329892050693,0.480728160154308,1.31124768232273,1.95539309280369,1.64529054805142,1.48980717310774,1.8425683543157,1.04955901247901,1.31886004244887,0.923881521024416,2.6339044479121,1.31792228794058,2.4385573126943,0.925021536309008,2.28978531805508,1.47112287421358,-0.793956026765709,0.93853623363441,0.481059132333706,1.16806544004666,0.913842031582688,1.36922297574721,1.37856374614354,2.2165485296917,1.58005225402349,0.788789709800289,1.77554648798768,0.88576455836379,-0.793956026765709,1.1205157702732,1.66816440311645,1.11797831689782,1.45466896006169,1.17170613402003,0.351851270965536,1.86759352854682,1.03302787148526,2.25646193579273,1.00874064263191,1.47112287421358,0.763735115819889,5.50006056845811,10,0.879,1.912,91,197,44,NO
DO37259,RECTUM,READ-US,ColoRect-AdenoCA,140,29,DO37259,2.63772210412598,1.8923567349016,1.37450774939956,2.56785097243032,2.73612440604197,2.52028069761208,1.79078430296112,1.8410116231756,2.36725320723956,1.69784268744568,0.754115136053588,0.819680021762233,0.847203347177098,0.407306576265492,1.1274941498041,0.656665705590041,0.747225142474368,1.19934432220869,0.616681753489353,1.17022676955608,0.767546958642867,1.07515951772364,0.964003397905689,1.73524289195416,0.927940878320834,1.28664200681349,1.9503536223437,1.00400567445739,1.49379992546531,0.935050765312157,1.42372722480856,1.30172302999354,1.29562098780769,1.8827363981221,1.48883399924199,1.15479758180687,1.25933857481073,1.6307018989503,1.88046416619704,1.42499161192815,0.779421202896416,0.973916925901323,1.01674116790834,0.37745604557254,1.25125901895353,2.14363993158204,2.02139751890391,1.8613517637951,0.442874335673116,1.09339234647716,1.33366254810147,1.24581512996641,0.691042375682109,0.888433361946368,0.857153524074748,1.2145536165458,1.99537679847175,1.13630821073922,0.795088608508739,1.66154194999771,1.22490693136563,0.682484857061109,0.697859071457295,1.172205810265,1.2886027230714,1.75541811251459,1.33576985996745,1.69740290062148,1.38497101092545,2.02880059711137,0.865381202577594,1.289055196054,0.854734696541618,1.76705413890503,0.409523834837529,0.776580912990089,1.90685137564937,1.37536899859696,1.28675195351954,1.56927833916959,1.81664010333421,1.18219263606467,1.97553141802947,0.0156214359574207,0.67902153582049,1.26238043367815,1.42992088924946,1.10026401560538,1.10772206716586,0.952184127005165,0.314456583005095,0.65552958962751,0.622893742381256,1.07019359150032,1.01835371959709,1.52945930712798,-0.867690400459434,1.18569260620731,1.52416354078651,1.05632130340347,0.886637565747529,1.12500202446694,0.619760261258792,0.975456179786042,1.34051589277867,0.830894585779475,-0.152798593262298,1.73608581670056,1.29598747682786,1.00208160710149,0.836776734553224,0.469408140733518,0.769855839469946,0.820303053096524,1.32779872377873,1.39977716734037,1.79078430296112,1.8410116231756,1.42284765116015,1.18079997778802,0.944817697699722,1.78878693780119,1.37111772596297,1.58677818988277,1.18681039771883,1.13589187921231,0.812112023495696,1.89798234136123,1.30170470554253,1.10068547797857,1.52134157533119,1.31515485258282,0.609810084361141,1.33943475016916,1.48716647420021,1.66619636055389,1.17924239945229,1.66121210987956,1.02854211435785,0.904797096697016,0.907619062152336,2.53754233046215,1.12690776737183,2.01359130277426,1.11769056851452,1.81574220523479,1.36722378012365,-0.867690400459434,0.781620137017444,0.795601693136979,1.12058583177387,1.01089566803661,0.546297537165456,1.63984580000357,1.70187406666757,1.56643804926326,0.717869371958648,1.7233319987986,1.05612041312574,0.0589037892396506,1.27452954469683,1.39246571138795,1.27005837865074,1.52667399057468,0.854862967698678,0.825305628221863,1.40765668127405,1.02016234291164,2.14257344853335,1.25125901895353,1.36722378012365,0.834594292438104,5.59565054004864,10,0.631,2.521,120,285,82,YES
DO37267,RECTUM,READ-US,ColoRect-AdenoCA,41,13,DO37267,2.58724232209927,1.65092126974354,1.14776270869004,2.32458307762707,2.32998570467485,2.38653930577164,1.7111926108088,1.75633659614028,2.24658379424908,1.35502213343498,0.829868470400501,0.740404629287217,0.809723081408768,0.37841030309578,1.04765843939112,0.748737494733797,0.73084472651114,0.991837397894028,0.499722172805993,0.955374243818993,0.584863912281051,1.01245895062557,0.915632885535303,2.0983869872299,0.971307415112454,1.38668702213198,1.89142058632484,0.602170632823948,1.66798990841653,1.10981612142561,1.30661825788484,1.17210200139005,1.42210627877745,1.90120025698082,1.40630130541393,1.23349049584485,1.34046251139095,1.47501539586573,0.825454798812312,1.30638017601494,0.83613185497793,0.895304356643646,0.952755343250068,0.498128855676647,1.20050776295131,2.14441004408101,1.99170799552368,1.93310322754773,0.571128419786688,1.03412440078667,1.35524190131489,1.22768496101724,0.843494078954909,0.905706702959376,1.02776944625928,1.4022355996356,2.09988873440928,1.32408980433767,0.803020161071519,1.481681688223,1.32756946243624,1.09195998118294,0.883674972998418,1.01907030101285,1.21828988415109,1.77754419655157,1.3593442350732,1.50849336957199,1.46087699559153,2.00804407459698,1.10016464869957,1.34231997260673,0.965648392204776,1.72580717482281,0.361909398112552,0.494868965457985,1.95191169527001,1.25125506613756,1.34194594458034,1.35547998318479,1.69599199911504,1.32095811204896,1.97974896005859,0.205068387816919,0.917629110444483,1.07218087199106,1.45789181522276,0.939184676665637,1.07190616214117,0.824301017442785,-0.0882667898926954,0.473203515296876,0.449596782196565,1.17812730409757,0.894956390833789,1.75655636402019,-0.181082091174604,1.14490572625121,1.6826960423805,1.04608818432325,0.873565650522567,1.08362711573636,0.925174474321387,0.990628674554524,1.30909064653383,0.822432990463552,0.15316654017822,1.81409892057657,1.28854234976226,0.964439668865272,0.731613914090824,0.315556689441575,0.523255649946335,1.02419821821075,1.09509167347165,1.33707442324234,1.7111926108088,1.75633659614028,1.21048812441429,1.30374296145602,1.12979668450741,1.8315704670294,1.37897683234515,1.38535010086253,1.03855638636485,1.11990273455387,0.853127237690955,1.86188012046696,1.3230459069081,0.985702211246546,1.74886448822334,1.14640747343059,0.608488959371355,1.47626074718522,1.8727403165325,1.47812877416445,1.11864346460199,1.50455586172361,0.942774218704164,0.949330627121473,0.902758150570587,2.56554024395818,0.956857677008384,1.93469654467708,1.45651826597332,2.06926774314185,1.38777945163503,0.472141303877312,0.741796492526645,0.63389046349093,0.905615133009414,0.928361108580079,0.953506216839759,1.65007882620389,1.76584155694638,1.64632445825543,0.717768537656507,1.75670287594013,1.02672554882971,-0.0894938272221919,1.32106799598891,1.44034701280996,1.23284950619512,1.71487372279729,0.698172568364549,0.77706923725217,1.27216964270898,1.07829041905255,1.94961695232395,1.20050776295131,1.38777945163503,0.773258095934734,5.31116226284503,10,0.83,2.22,49,118,11,NO
